ID,LAT1,LON1,DateTime1,LAT2,LON2,DateTime2,NUMBER,TIME1,TIME2
1,31.217591,121.477228,20110927003306 ,31.217591,121.477228,20110927023302 ,20,330.6,2330.2
1,31.217591,121.477228,20110927023302 ,31.217591,121.477228,20110927043257 ,20,2330.2,4325.7
1,31.217591,121.477228,20110927043257 ,31.217591,121.477228,20110927063253 ,20,4325.7,6325.3
1,31.217591,121.477228,20110927063253 ,31.217957,121.476782,20110927083308 ,20,6325.3,8330.8
1,31.217957,121.476782,20110927083308 ,31.221498,121.478613,20110927084905 ,20,8330.8,8490.5
1,31.221498,121.478613,20110927084905 ,31.220651,121.478485,20110927085027 ,20,8490.5,8502.7
1,31.220651,121.478485,20110927085027 ,31.231465,121.522316,20110927091227 ,20,8502.7,9122.7
1,31.231465,121.522316,20110927091227 ,31.231113,121.522115,20110927140608 ,20,9122.7,14060.8
1,31.231113,121.522115,20110927140608 ,31.230476,121.522251,20110927161212 ,20,14060.8,16121.2
1,31.230476,121.522251,20110927161212 ,31.231113,121.522115,20110927170730 ,20,16121.2,17073
1,31.231113,121.522115,20110927170730 ,31.228645,121.525506,20110927210725 ,20,17073,21072.5
1,31.228645,121.525506,20110927210725 ,31.209412,121.478246,20110927212012 ,20,21072.5,21201.2
1,31.209412,121.478246,20110927212012 ,31.221868,121.478502,20110927212427 ,20,21201.2,21242.7
1,31.221868,121.478502,20110927212427 ,31.217957,121.476782,20110927212628 ,20,21242.7,21262.8
1,31.217957,121.476782,20110927212628 ,31.220235,121.474629,20110927232650 ,20,21262.8,23265
2,31.128725,121.386676,20110927075105 ,31.139225,121.403164,20110927081232 ,25,7510.5,8123.2
2,31.139225,121.403164,20110927081232 ,31.153197,121.416007,20110927081951 ,25,8123.2,8195.1
2,31.153197,121.416007,20110927081951 ,31.241634,121.462856,20110927084311 ,25,8195.1,8431.1
2,31.241634,121.462856,20110927084311 ,31.239575,121.460139,20110927084943 ,25,8431.1,8494.3
2,31.239575,121.460139,20110927084943 ,31.244021,121.457532,20110927090154 ,25,8494.3,9015.4
2,31.244021,121.457532,20110927090154 ,31.239428,121.460157,20110927090621 ,25,9015.4,9062.1
2,31.239428,121.460157,20110927090621 ,31.244021,121.457532,20110927124043 ,25,9062.1,12404.3
2,31.244021,121.457532,20110927124043 ,31.239428,121.460157,20110927124117 ,25,12404.3,12411.7
2,31.239428,121.460157,20110927124117 ,31.239834,121.454507,20110927184429 ,25,12411.7,18442.9
2,31.239834,121.454507,20110927184429 ,31.233263,121.45159,20110927184512 ,25,18442.9,18451.2
2,31.233263,121.45159,20110927184512 ,31.238791,121.463979,20110927185136 ,25,18451.2,18513.6
2,31.238791,121.463979,20110927185136 ,31.243892,121.458439,20110927185805 ,25,18513.6,18580.5
2,31.243892,121.458439,20110927185805 ,31.144456,121.409875,20110927192302 ,25,18580.5,19230.2
2,31.144456,121.409875,20110927192302 ,31.145268,121.409491,20110927192541 ,25,19230.2,19254.1
2,31.145268,121.409491,20110927192541 ,31.1366,121.401256,20110927192807 ,25,19254.1,19280.7
3,31.22245,121.425905,20110927082857 ,31.221034,121.427019,20110927082911 ,25,8285.7,8291.1
3,31.221034,121.427019,20110927082911 ,31.221034,121.427019,20110927082947 ,25,8291.1,8294.7
3,31.221034,121.427019,20110927082947 ,31.232537,121.472027,20110927084129 ,25,8294.7,8412.9
3,31.232537,121.472027,20110927084129 ,31.233703,121.465745,20110927084357 ,25,8412.9,8435.7
3,31.233703,121.465745,20110927084357 ,31.234898,121.466928,20110927174345 ,25,8435.7,17434.5
3,31.234898,121.466928,20110927174345 ,31.220671,121.425268,20110927175640 ,25,17434.5,17564
4,31.211111,121.381957,20110927084813 ,31.207602,121.380214,20110927094252 ,20,8481.3,9425.2
4,31.207602,121.380214,20110927094252 ,31.212451,121.399455,20110927100330 ,20,9425.2,10033
4,31.212451,121.399455,20110927100330 ,31.234898,121.466928,20110927131522 ,20,10033,13152.2
4,31.234898,121.466928,20110927131522 ,31.205234,121.383817,20110927134230 ,20,13152.2,13423
4,31.205234,121.383817,20110927134230 ,31.208176,121.383722,20110927134955 ,20,13423,13495.5
4,31.208176,121.383722,20110927134955 ,31.207893,121.386637,20110927150415 ,20,13495.5,15041.5
4,31.207893,121.386637,20110927150415 ,31.207893,121.386637,20110927154323 ,20,15041.5,15432.3
5,31.112595,121.379066,20110927083343 ,31.116039,121.386094,20110927083823 ,20,8334.3,8382.3
5,31.116039,121.386094,20110927083823 ,31.137362,121.402114,20110927084337 ,20,8382.3,8433.7
5,31.137362,121.402114,20110927084337 ,31.158978,121.421383,20110927084757 ,20,8433.7,8475.7
5,31.158978,121.421383,20110927084757 ,31.156307,121.423863,20110927084820 ,20,8475.7,8482
5,31.156307,121.423863,20110927084820 ,31.160132,121.438061,20110927085510 ,20,8482,8551
5,31.160132,121.438061,20110927085510 ,31.170846,121.439553,20110927085739 ,20,8551,8573.9
5,31.170846,121.439553,20110927085739 ,31.173806,121.438279,20110927090244 ,20,8573.9,9024.4
6,31.21583,121.511974,20110927055307 ,31.189981,121.421514,20110927063158 ,15,5530.7,6315.8
6,31.189981,121.421514,20110927063158 ,31.188969,121.409972,20110927112022 ,15,6315.8,11202.2
6,31.188969,121.409972,20110927112022 ,31.188969,121.409972,20110927112112 ,15,11202.2,11211.2
6,31.188969,121.409972,20110927112112 ,31.188969,121.409972,20110927112239 ,15,11211.2,11223.9
6,31.188969,121.409972,20110927112239 ,31.190988,121.421834,20110927192514 ,15,11223.9,19251.4
6,31.190988,121.421834,20110927192514 ,31.211595,121.491751,20110927194450 ,15,19251.4,19445
6,31.211595,121.491751,20110927194450 ,31.211595,121.491751,20110927194453 ,15,19445,19445.3
6,31.211595,121.491751,20110927194453 ,31.212826,121.520107,20110927195206 ,15,19445.3,19520.6
7,31.304885,121.521168,20110927005715 ,31.305983,121.51953,20110927010010 ,30,571.5,1001
7,31.305983,121.51953,20110927010010 ,31.304885,121.521168,20110927045733 ,30,1001,4573.3
7,31.304885,121.521168,20110927045733 ,31.309185,121.527322,20110927082630 ,30,4573.3,8263
7,31.309185,121.527322,20110927082630 ,31.232016,121.467804,20110927090143 ,30,8263,9014.3
7,31.232016,121.467804,20110927090143 ,31.234898,121.466928,20110927090302 ,30,9014.3,9030.2
7,31.234898,121.466928,20110927090302 ,31.237598,121.475735,20110927090843 ,30,9030.2,9084.3
7,31.237598,121.475735,20110927090843 ,31.237598,121.475735,20110927090921 ,30,9084.3,9092.1
7,31.237598,121.475735,20110927090921 ,31.226039,121.443282,20110927091625 ,30,9092.1,9162.5
7,31.226039,121.443282,20110927091625 ,31.223111,121.443181,20110927102103 ,30,9162.5,10210.3
7,31.223111,121.443181,20110927102103 ,31.223111,121.443181,20110927102131 ,30,10210.3,10213.1
7,31.223111,121.443181,20110927102131 ,31.223111,121.443181,20110927134035 ,30,10213.1,13403.5
7,31.223111,121.443181,20110927134035 ,31.223111,121.443181,20110927170841 ,30,13403.5,17084.1
7,31.223111,121.443181,20110927170841 ,31.223111,121.443181,20110927183031 ,30,17084.1,18303.1
7,31.223111,121.443181,20110927183031 ,31.223111,121.443181,20110927183243 ,30,18303.1,18324.3
7,31.223111,121.443181,20110927183243 ,31.223111,121.443181,20110927185908 ,30,18324.3,18590.8
7,31.223111,121.443181,20110927185908 ,31.222392,121.439757,20110927222446 ,30,18590.8,22244.6
7,31.222392,121.439757,20110927222446 ,31.223591,121.4444,20110927222458 ,30,22244.6,22245.8
7,31.223591,121.4444,20110927222458 ,31.224191,121.446147,20110927222524 ,30,22245.8,22252.4
7,31.224191,121.446147,20110927222524 ,31.227423,121.448331,20110927222541 ,30,22252.4,22254.1
7,31.227423,121.448331,20110927222541 ,31.225578,121.452388,20110927222545 ,30,22254.1,22254.5
7,31.225578,121.452388,20110927222545 ,31.224191,121.446147,20110927222612 ,30,22254.5,22261.2
7,31.224191,121.446147,20110927222612 ,31.22598,121.456347,20110927222612 ,30,22261.2,22261.2
7,31.22598,121.456347,20110927222612 ,31.225628,121.460445,20110927222635 ,30,22261.2,22263.5
7,31.225628,121.460445,20110927222635 ,31.243783,121.458367,20110927222859 ,30,22263.5,22285.9
7,31.243783,121.458367,20110927222859 ,31.265282,121.462585,20110927223055 ,30,22285.9,22305.5
7,31.265282,121.462585,20110927223055 ,31.276193,121.472088,20110927223242 ,30,22305.5,22324.2
7,31.276193,121.472088,20110927223242 ,31.298352,121.496681,20110927223548 ,30,22324.2,22354.8
7,31.298352,121.496681,20110927223548 ,31.304885,121.521168,20110927224340 ,30,22354.8,22434
8,31.270151,121.538834,20110927071840 ,31.261631,121.527601,20110927073002 ,15,7184,7300.2
8,31.261631,121.527601,20110927073002 ,31.254792,121.516221,20110927073607 ,15,7300.2,7360.7
8,31.254792,121.516221,20110927073607 ,31.255185,121.511913,20110927073718 ,15,7360.7,7371.8
8,31.255185,121.511913,20110927073718 ,31.228645,121.525506,20110927074531 ,15,7371.8,7453.1
8,31.228645,121.525506,20110927074531 ,31.23894,121.496994,20110927075219 ,15,7453.1,7521.9
8,31.23894,121.496994,20110927075219 ,31.242935,121.500184,20110927115154 ,15,7521.9,11515.4
8,31.242935,121.500184,20110927115154 ,31.242935,121.500184,20110927175454 ,15,11515.4,17545.4
8,31.242935,121.500184,20110927175454 ,31.240166,121.497734,20110927181311 ,15,17545.4,18131.1
8,31.240166,121.497734,20110927181311 ,31.230568,121.520389,20110927182026 ,15,18131.1,18202.6
8,31.230568,121.520389,20110927182026 ,31.260718,121.507959,20110927182920 ,15,18202.6,18292
8,31.260718,121.507959,20110927182920 ,31.259875,121.518833,20110927183613 ,15,18292,18361.3
8,31.259875,121.518833,20110927183613 ,31.263779,121.529518,20110927184120 ,15,18361.3,18412
8,31.263779,121.529518,20110927184120 ,31.271384,121.544144,20110927184707 ,15,18412,18470.7
8,31.271384,121.544144,20110927184707 ,31.281318,121.553197,20110927220120 ,15,18470.7,22012
9,31.204277,121.477078,20110927015754 ,31.204277,121.477078,20110927035749 ,20,1575.4,3574.9
9,31.204277,121.477078,20110927035749 ,31.204277,121.477078,20110927055749 ,20,3574.9,5574.9
9,31.204277,121.477078,20110927055749 ,31.208639,121.474233,20110927075754 ,20,5574.9,7575.4
9,31.208639,121.474233,20110927075754 ,31.205887,121.481985,20110927091517 ,20,7575.4,9151.7
9,31.205887,121.481985,20110927091517 ,31.204381,121.484362,20110927091632 ,20,9151.7,9163.2
9,31.204381,121.484362,20110927091632 ,31.179056,121.410728,20110927094207 ,20,9163.2,9420.7
9,31.179056,121.410728,20110927094207 ,31.165847,121.393506,20110927111302 ,20,9420.7,11130.2
9,31.165847,121.393506,20110927111302 ,31.172398,121.392772,20110927200714 ,20,11130.2,20071.4
9,31.172398,121.392772,20110927200714 ,31.209412,121.478246,20110927202959 ,20,20071.4,20295.9
9,31.209412,121.478246,20110927202959 ,31.205887,121.481985,20110927203810 ,20,20295.9,20381
9,31.205887,121.481985,20110927203810 ,31.203456,121.483724,20110927203836 ,20,20381,20383.6
9,31.203456,121.483724,20110927203836 ,31.162048,121.490589,20110927211137 ,20,20383.6,21113.7
9,31.162048,121.490589,20110927211137 ,31.208639,121.474233,20110927211545 ,20,21113.7,21154.5
9,31.208639,121.474233,20110927211545 ,31.162048,121.490589,20110927213133 ,20,21154.5,21313.3
9,31.162048,121.490589,20110927213133 ,31.208639,121.474233,20110927213335 ,20,21313.3,21333.5
9,31.208639,121.474233,20110927213335 ,31.20898,121.474727,20110927233345 ,20,21333.5,23334.5
10,31.213938,121.400918,20110927005702 ,31.213938,121.400918,20110927025713 ,15,570.2,2571.3
10,31.213938,121.400918,20110927025713 ,31.213938,121.400918,20110927045726 ,15,2571.3,4572.6
10,31.213938,121.400918,20110927045726 ,31.213938,121.400918,20110927065726 ,15,4572.6,6572.6
10,31.213938,121.400918,20110927065726 ,31.213938,121.400918,20110927085722 ,15,6572.6,8572.2
10,31.213938,121.400918,20110927085722 ,31.213938,121.400918,20110927092110 ,15,8572.2,9211
10,31.213938,121.400918,20110927092110 ,31.213938,121.400918,20110927092112 ,15,9211,9211.2
10,31.213938,121.400918,20110927092112 ,31.214276,121.400203,20110927092606 ,15,9211.2,9260.6
10,31.214276,121.400203,20110927092606 ,31.214276,121.400203,20110927092608 ,15,9260.6,9260.8
10,31.214276,121.400203,20110927092608 ,31.212451,121.399455,20110927093349 ,15,9260.8,9334.9
10,31.212451,121.399455,20110927093349 ,31.231368,121.520834,20110927100613 ,15,9334.9,10061.3
10,31.231368,121.520834,20110927100613 ,31.230699,121.516077,20110927135526 ,15,10061.3,13552.6
10,31.230699,121.516077,20110927135526 ,31.230699,121.516077,20110927135528 ,15,13552.6,13552.8
10,31.230699,121.516077,20110927135528 ,31.230699,121.516077,20110927191302 ,15,13552.8,19130.2
10,31.230699,121.516077,20110927191302 ,31.230699,121.516077,20110927202443 ,15,19130.2,20244.3
11,31.238396,121.46527,20110927001850 ,31.234898,121.466928,20110927074126 ,10,185,7412.6
11,31.234898,121.466928,20110927074126 ,31.232537,121.472027,20110927074139 ,10,7412.6,7413.9
11,31.232537,121.472027,20110927074139 ,31.234898,121.466928,20110927074202 ,10,7413.9,7420.2
11,31.234898,121.466928,20110927074202 ,31.221335,121.540446,20110927184740 ,10,7420.2,18474
11,31.221335,121.540446,20110927184740 ,31.232537,121.472027,20110927190603 ,10,18474,19060.3
11,31.232537,121.472027,20110927190603 ,31.237973,121.46493,20110927191451 ,10,19060.3,19145.1
11,31.237973,121.46493,20110927191451 ,31.236242,121.461705,20110927193715 ,10,19145.1,19371.5
11,31.236242,121.461705,20110927193715 ,31.238379,121.465298,20110927214005 ,10,19371.5,21400.5
12,31.145673,121.404326,20110927021954 ,31.177387,121.430509,20110927121112 ,10,2195.4,12111.2
12,31.177387,121.430509,20110927121112 ,31.198325,121.469403,20110927122224 ,10,12111.2,12222.4
12,31.198325,121.469403,20110927122224 ,31.210751,121.481372,20110927122633 ,10,12222.4,12263.3
12,31.210751,121.481372,20110927122633 ,31.227273,121.50614,20110927123421 ,10,12263.3,12342.1
12,31.227273,121.50614,20110927123421 ,31.195234,121.433949,20110927215215 ,10,12342.1,21521.5
12,31.195234,121.433949,20110927215215 ,31.156307,121.423863,20110927220021 ,10,21521.5,22002.1
12,31.156307,121.423863,20110927220021 ,31.147287,121.411937,20110927221837 ,10,22002.1,22183.7
13,31.241227,121.471063,20110927061522 ,31.245386,121.467548,20110927061552 ,30,6152.2,6155.2
13,31.245386,121.467548,20110927061552 ,31.241227,121.471063,20110927061924 ,30,6155.2,6192.4
13,31.241227,121.471063,20110927061924 ,31.244661,121.473231,20110927062323 ,30,6192.4,6232.3
13,31.244661,121.473231,20110927062323 ,31.241227,121.471063,20110927062550 ,30,6232.3,6255
13,31.241227,121.471063,20110927062550 ,31.245386,121.467548,20110927062712 ,30,6255,6271.2
13,31.245386,121.467548,20110927062712 ,31.245176,121.471244,20110927062806 ,30,6271.2,6280.6
13,31.245176,121.471244,20110927062806 ,31.238173,121.479331,20110927091816 ,30,6280.6,9181.6
13,31.238173,121.479331,20110927091816 ,31.239471,121.480444,20110927092032 ,30,9181.6,9203.2
13,31.239471,121.480444,20110927092032 ,31.201116,121.386779,20110927095208 ,30,9203.2,9520.8
13,31.201116,121.386779,20110927095208 ,31.192391,121.380713,20110927131157 ,30,9520.8,13115.7
13,31.192391,121.380713,20110927131157 ,31.201879,121.389075,20110927140852 ,30,13115.7,14085.2
13,31.201879,121.389075,20110927140852 ,31.221811,121.43632,20110927153319 ,30,14085.2,15331.9
13,31.221811,121.43632,20110927153319 ,31.236118,121.46984,20110927155804 ,30,15331.9,15580.4
13,31.236118,121.46984,20110927155804 ,31.229966,121.467489,20110927155816 ,30,15580.4,15581.6
13,31.229966,121.467489,20110927155816 ,31.233703,121.465745,20110927155834 ,30,15581.6,15583.4
13,31.233703,121.465745,20110927155834 ,31.245386,121.467548,20110927185616 ,30,15583.4,18561.6
13,31.245386,121.467548,20110927185616 ,31.241227,121.471063,20110927192403 ,30,18561.6,19240.3
13,31.241227,121.471063,20110927192403 ,31.244661,121.473231,20110927224533 ,30,19240.3,22453.3
13,31.244661,121.473231,20110927224533 ,31.241227,121.471063,20110927224849 ,30,22453.3,22484.9
14,31.28547,121.530483,20110927062252 ,31.288577,121.524127,20110927144740 ,10,6225.2,14474
14,31.288577,121.524127,20110927144740 ,31.28523,121.518512,20110927145319 ,10,14474,14531.9
14,31.28523,121.518512,20110927145319 ,31.28523,121.518512,20110927145746 ,10,14531.9,14574.6
14,31.28523,121.518512,20110927145746 ,31.289933,121.530465,20110927182802 ,10,14574.6,18280.2
14,31.289933,121.530465,20110927182802 ,31.29102,121.527711,20110927183148 ,10,18280.2,18314.8
14,31.29102,121.527711,20110927183148 ,31.289933,121.530465,20110927191636 ,10,18314.8,19163.6
14,31.289933,121.530465,20110927191636 ,31.288335,121.532124,20110927191931 ,10,19163.6,19193.1
14,31.288335,121.532124,20110927191931 ,31.28523,121.518512,20110927204304 ,10,19193.1,20430.4
14,31.28523,121.518512,20110927204304 ,31.288577,121.524127,20110927204523 ,10,20430.4,20452.3
15,31.132151,121.400955,20110927010710 ,31.132151,121.400955,20110927030712 ,30,1071,3071.2
15,31.132151,121.400955,20110927030712 ,31.132151,121.400955,20110927050714 ,30,3071.2,5071.4
15,31.132151,121.400955,20110927050714 ,31.132151,121.400955,20110927070716 ,30,5071.4,7071.6
15,31.132151,121.400955,20110927070716 ,31.145268,121.409491,20110927085344 ,30,7071.6,8534.4
15,31.145268,121.409491,20110927085344 ,31.158978,121.421383,20110927085716 ,30,8534.4,8571.6
15,31.158978,121.421383,20110927085716 ,31.144456,121.409875,20110927085737 ,30,8571.6,8573.7
15,31.144456,121.409875,20110927085737 ,31.158978,121.421383,20110927085803 ,30,8573.7,8580.3
15,31.158978,121.421383,20110927085803 ,31.184872,121.432446,20110927090330 ,30,8580.3,9033
15,31.184872,121.432446,20110927090330 ,31.210688,121.515075,20110927092625 ,30,9033,9262.5
15,31.210688,121.515075,20110927092625 ,31.212826,121.520107,20110927151704 ,30,9262.5,15170.4
15,31.212826,121.520107,20110927151704 ,31.185995,121.43242,20110927154213 ,30,15170.4,15421.3
15,31.185995,121.43242,20110927154213 ,31.144456,121.409875,20110927155123 ,30,15421.3,15512.3
15,31.144456,121.409875,20110927155123 ,31.158978,121.421383,20110927155144 ,30,15512.3,15514.4
15,31.158978,121.421383,20110927155144 ,31.144456,121.409875,20110927155229 ,30,15514.4,15522.9
15,31.144456,121.409875,20110927155229 ,31.145268,121.409491,20110927155434 ,30,15522.9,15543.4
15,31.145268,121.409491,20110927155434 ,31.1366,121.401256,20110927155654 ,30,15543.4,15565.4
15,31.1366,121.401256,20110927155654 ,31.132151,121.400955,20110927155910 ,30,15565.4,15591
15,31.132151,121.400955,20110927155910 ,31.130892,121.394642,20110927155934 ,30,15591,15593.4
15,31.130892,121.394642,20110927155934 ,31.132151,121.400955,20110927231145 ,30,15593.4,23114.5
16,31.274532,121.461036,20110927082638 ,31.268732,121.464855,20110927083040 ,25,8263.8,8304
16,31.268732,121.464855,20110927083040 ,31.262216,121.468937,20110927083444 ,25,8304,8344.4
16,31.262216,121.468937,20110927083444 ,31.244018,121.478102,20110927085129 ,25,8344.4,8512.9
16,31.244018,121.478102,20110927085129 ,31.238023,121.478688,20110927090047 ,25,8512.9,9004.7
16,31.238023,121.478688,20110927090047 ,31.238173,121.479331,20110927090058 ,25,9004.7,9005.8
16,31.238173,121.479331,20110927090058 ,31.206351,121.57017,20110927091839 ,25,9005.8,9183.9
16,31.206351,121.57017,20110927091839 ,31.206153,121.588323,20110927092023 ,25,9183.9,9202.3
16,31.206153,121.588323,20110927092023 ,31.201591,121.579905,20110927092709 ,25,9202.3,9270.9
16,31.201591,121.579905,20110927092709 ,31.201422,121.578831,20110927093532 ,25,9270.9,9353.2
16,31.201422,121.578831,20110927093532 ,31.201422,121.578831,20110927143529 ,25,9353.2,14352.9
16,31.201422,121.578831,20110927143529 ,31.201422,121.578831,20110927180743 ,25,14352.9,18074.3
16,31.201422,121.578831,20110927180743 ,31.201422,121.578831,20110927180746 ,25,18074.3,18074.6
16,31.201422,121.578831,20110927180746 ,31.201422,121.578831,20110927204541 ,25,18074.6,20454.1
16,31.201422,121.578831,20110927204541 ,31.217959,121.590384,20110927213146 ,25,20454.1,21314.6
16,31.217959,121.590384,20110927213146 ,31.203967,121.582797,20110927213835 ,25,21314.6,21383.5
16,31.203967,121.582797,20110927213835 ,31.206351,121.57017,20110927214617 ,25,21383.5,21461.7
16,31.206351,121.57017,20110927214617 ,31.203023,121.564921,20110927214716 ,25,21461.7,21471.6
16,31.203023,121.564921,20110927214716 ,31.278351,121.464638,20110927223249 ,25,21471.6,22324.9
17,31.139974,121.356483,20110927001744 ,31.139974,121.356483,20110927011750 ,15,174.4,1175
17,31.139974,121.356483,20110927011750 ,31.139974,121.356483,20110927021757 ,15,1175,2175.7
17,31.139974,121.356483,20110927021757 ,31.139974,121.356483,20110927031803 ,15,2175.7,3180.3
17,31.139974,121.356483,20110927031803 ,31.139974,121.356483,20110927041809 ,15,3180.3,4180.9
17,31.139974,121.356483,20110927041809 ,31.139974,121.356483,20110927051816 ,15,4180.9,5181.6
17,31.139974,121.356483,20110927051816 ,31.139974,121.356483,20110927061822 ,15,5181.6,6182.2
17,31.139974,121.356483,20110927061822 ,31.139974,121.356483,20110927071828 ,15,6182.2,7182.8
17,31.139974,121.356483,20110927071828 ,31.153798,121.34592,20110927080853 ,15,7182.8,8085.3
17,31.153798,121.34592,20110927080853 ,31.156899,121.343868,20110927081354 ,15,8085.3,8135.4
17,31.156899,121.343868,20110927081354 ,31.169445,121.394142,20110927094526 ,15,8135.4,9452.6
17,31.169445,121.394142,20110927094526 ,31.140142,121.356365,20110927203209 ,15,9452.6,20320.9
17,31.140142,121.356365,20110927203209 ,31.139974,121.356483,20110927222330 ,15,20320.9,22233
17,31.139974,121.356483,20110927222330 ,31.140142,121.356365,20110927232339 ,15,22233,23233.9
18,31.174999,121.441267,20110927181846 ,31.189981,121.421514,20110927182205 ,25,18184.6,18220.5
18,31.189981,121.421514,20110927182205 ,31.187067,121.42343,20110927182216 ,25,18220.5,18221.6
18,31.187067,121.42343,20110927182216 ,31.189981,121.421514,20110927182324 ,25,18221.6,18232.4
18,31.189981,121.421514,20110927182324 ,31.219992,121.411928,20110927183321 ,25,18232.4,18332.1
18,31.219992,121.411928,20110927183321 ,31.217257,121.409157,20110927183518 ,25,18332.1,18351.8
18,31.217257,121.409157,20110927183518 ,31.23894,121.496994,20110927185932 ,25,18351.8,18593.2
18,31.23894,121.496994,20110927185932 ,31.240472,121.497003,20110927194353 ,25,18593.2,19435.3
18,31.240472,121.497003,20110927194353 ,31.240166,121.497734,20110927195306 ,25,19435.3,19530.6
18,31.240166,121.497734,20110927195306 ,31.219992,121.411928,20110927202010 ,25,19530.6,20201
18,31.219992,121.411928,20110927202010 ,31.201237,121.41572,20110927202715 ,25,20201,20271.5
18,31.201237,121.41572,20110927202715 ,31.192653,121.419732,20110927202949 ,25,20271.5,20294.9
18,31.192653,121.419732,20110927202949 ,31.18782,121.423474,20110927203110 ,25,20294.9,20311
18,31.18782,121.423474,20110927203110 ,31.170846,121.439553,20110927203501 ,25,20311,20350.1
19,31.237763,121.518422,20110927032550 ,31.237763,121.518422,20110927072551 ,20,3255,7255.1
19,31.237763,121.518422,20110927072551 ,31.236721,121.520026,20110927074520 ,20,7255.1,7452
19,31.236721,121.520026,20110927074520 ,31.237905,121.517602,20110927084426 ,20,7452,8442.6
19,31.237905,121.517602,20110927084426 ,31.25195,121.496376,20110927085016 ,20,8442.6,8501.6
19,31.25195,121.496376,20110927085016 ,31.255185,121.511913,20110927183946 ,20,8501.6,18394.6
19,31.255185,121.511913,20110927183946 ,31.25186,121.493998,20110927184400 ,20,18394.6,18440
19,31.25186,121.493998,20110927184400 ,31.25186,121.493998,20110927184458 ,20,18440,18445.8
19,31.25186,121.493998,20110927184458 ,31.228645,121.525506,20110927185336 ,20,18445.8,18533.6
19,31.228645,121.525506,20110927185336 ,31.23495,121.510467,20110927190446 ,20,18533.6,19044.6
19,31.23495,121.510467,20110927190446 ,31.237905,121.517602,20110927193004 ,20,19044.6,19300.4
19,31.237905,121.517602,20110927193004 ,31.237905,121.517602,20110927193357 ,20,19300.4,19335.7
19,31.237905,121.517602,20110927193357 ,31.236721,121.520026,20110927193509 ,20,19335.7,19350.9
19,31.236721,121.520026,20110927193509 ,31.23642,121.520445,20110927195806 ,20,19350.9,19580.6
19,31.23642,121.520445,20110927195806 ,31.23642,121.520445,20110927195809 ,20,19580.6,19580.9
19,31.23642,121.520445,20110927195809 ,31.236721,121.520026,20110927195828 ,20,19580.9,19582.8
19,31.236721,121.520026,20110927195828 ,31.23642,121.520445,20110927210121 ,20,19582.8,21012.1
19,31.23642,121.520445,20110927210121 ,31.236721,121.520026,20110927210150 ,20,21012.1,21015
19,31.236721,121.520026,20110927210150 ,31.236721,121.520026,20110927214626 ,20,21015,21462.6
19,31.236721,121.520026,20110927214626 ,31.23642,121.520445,20110927215127 ,20,21462.6,21512.7
20,31.275881,121.418462,20110927001459 ,31.275987,121.421879,20110927011500 ,20,145.9,1150
20,31.275987,121.421879,20110927011500 ,31.275987,121.421879,20110927021500 ,20,1150,2150
20,31.275987,121.421879,20110927021500 ,31.275987,121.421879,20110927031502 ,20,2150,3150.2
20,31.275987,121.421879,20110927031502 ,31.275987,121.421879,20110927041502 ,20,3150.2,4150.2
20,31.275987,121.421879,20110927041502 ,31.275987,121.421879,20110927051503 ,20,4150.2,5150.3
20,31.275987,121.421879,20110927051503 ,31.275987,121.421879,20110927061504 ,20,5150.3,6150.4
20,31.275987,121.421879,20110927061504 ,31.275987,121.421879,20110927065103 ,20,6150.4,6510.3
20,31.275987,121.421879,20110927065103 ,31.275987,121.421879,20110927065105 ,20,6510.3,6510.5
20,31.275987,121.421879,20110927065105 ,31.275585,121.418007,20110927065235 ,20,6510.5,6523.5
20,31.275585,121.418007,20110927065235 ,31.249664,121.425889,20110927070453 ,20,6523.5,7045.3
20,31.249664,121.425889,20110927070453 ,31.274895,121.418968,20110927163840 ,20,7045.3,16384
20,31.274895,121.418968,20110927163840 ,31.275987,121.421879,20110927175307 ,20,16384,17530.7
20,31.275987,121.421879,20110927175307 ,31.274895,121.418968,20110927185308 ,20,17530.7,18530.8
20,31.274895,121.418968,20110927185308 ,31.275987,121.421879,20110927192040 ,20,18530.8,19204
20,31.275987,121.421879,20110927192040 ,31.275987,121.421879,20110927192043 ,20,19204,19204.3
20,31.275987,121.421879,20110927192043 ,31.275987,121.421879,20110927202114 ,20,19204.3,20211.4
20,31.275987,121.421879,20110927202114 ,31.267764,121.416549,20110927212115 ,20,20211.4,21211.5
20,31.267764,121.416549,20110927212115 ,31.275881,121.418462,20110927222116 ,20,21211.5,22211.6
20,31.275881,121.418462,20110927222116 ,31.275881,121.418462,20110927232117 ,20,22211.6,23211.7
21,31.291291,121.531004,20110927001513 ,31.28967,121.530824,20110927002008 ,20,151.3,200.8
21,31.28967,121.530824,20110927002008 ,31.291291,121.531004,20110927002217 ,20,200.8,221.7
21,31.291291,121.531004,20110927002217 ,31.291291,121.531004,20110927004833 ,20,221.7,483.3
21,31.291291,121.531004,20110927004833 ,31.291291,121.531004,20110927010023 ,20,483.3,1002.3
21,31.291291,121.531004,20110927010023 ,31.288335,121.532124,20110927010035 ,20,1002.3,1003.5
21,31.288335,121.532124,20110927010035 ,31.291291,121.531004,20110927010040 ,20,1003.5,1004
21,31.291291,121.531004,20110927010040 ,31.28967,121.530824,20110927010111 ,20,1004,1011.1
21,31.28967,121.530824,20110927010111 ,31.291291,121.531004,20110927010128 ,20,1011.1,1012.8
21,31.291291,121.531004,20110927010128 ,31.28967,121.530824,20110927061036 ,20,1012.8,6103.6
21,31.28967,121.530824,20110927061036 ,31.28523,121.518512,20110927064623 ,20,6103.6,6462.3
21,31.28523,121.518512,20110927064623 ,31.282461,121.517236,20110927064652 ,20,6462.3,6465.2
21,31.282461,121.517236,20110927064652 ,31.287442,121.506829,20110927152425 ,20,6465.2,15242.5
21,31.287442,121.506829,20110927152425 ,31.276469,121.513118,20110927152501 ,20,15242.5,15250.1
21,31.276469,121.513118,20110927152501 ,31.277329,121.513996,20110927153107 ,20,15250.1,15310.7
21,31.277329,121.513996,20110927153107 ,31.28967,121.530824,20110927154713 ,20,15310.7,15471.3
21,31.28967,121.530824,20110927154713 ,31.289933,121.530465,20110927154909 ,20,15471.3,15490.9
21,31.289933,121.530465,20110927154909 ,31.293033,121.529613,20110927155059 ,20,15490.9,15505.9
21,31.293033,121.529613,20110927155059 ,31.293033,121.529613,20110927212256 ,20,15505.9,21225.6
21,31.293033,121.529613,20110927212256 ,31.293033,121.529613,20110927212401 ,20,21225.6,21240.1
22,31.093631,121.388066,20110927000310 ,31.09486,121.391415,20110927004712 ,25,31,471.2
22,31.09486,121.391415,20110927004712 ,31.094595,121.385009,20110927024713 ,25,471.2,2471.3
22,31.094595,121.385009,20110927024713 ,31.093631,121.388066,20110927044717 ,25,2471.3,4471.7
22,31.093631,121.388066,20110927044717 ,31.09576,121.385726,20110927060857 ,25,4471.7,6085.7
22,31.09576,121.385726,20110927060857 ,31.09486,121.391415,20110927061118 ,25,6085.7,6111.8
22,31.09486,121.391415,20110927061118 ,31.09576,121.385726,20110927061549 ,25,6111.8,6154.9
22,31.09576,121.385726,20110927061549 ,31.119111,121.383609,20110927063224 ,25,6154.9,6322.4
22,31.119111,121.383609,20110927063224 ,31.139225,121.403164,20110927063801 ,25,6322.4,6380.1
22,31.139225,121.403164,20110927063801 ,31.158978,121.421383,20110927064223 ,25,6380.1,6422.3
22,31.158978,121.421383,20110927064223 ,31.273215,121.450746,20110927071555 ,25,6422.3,7155.5
22,31.273215,121.450746,20110927071555 ,31.272373,121.451497,20110927071841 ,25,7155.5,7184.1
22,31.272373,121.451497,20110927071841 ,31.273215,121.450746,20110927151452 ,25,7184.1,15145.2
22,31.273215,121.450746,20110927151452 ,31.273463,121.450991,20110927151657 ,25,15145.2,15165.7
22,31.273463,121.450991,20110927151657 ,31.144456,121.409875,20110927155822 ,25,15165.7,15582.2
22,31.144456,121.409875,20110927155822 ,31.145268,121.409491,20110927160013 ,25,15582.2,16001.3
22,31.145268,121.409491,20110927160013 ,31.135602,121.399805,20110927160230 ,25,16001.3,16023
22,31.135602,121.399805,20110927160230 ,31.11193,121.382248,20110927160832 ,25,16023,16083.2
22,31.11193,121.382248,20110927160832 ,31.094595,121.385009,20110927162719 ,25,16083.2,16271.9
22,31.094595,121.385009,20110927162719 ,31.09486,121.391415,20110927182721 ,25,16271.9,18272.1
22,31.09486,121.391415,20110927182721 ,31.094595,121.385009,20110927202723 ,25,18272.1,20272.3
22,31.094595,121.385009,20110927202723 ,31.094198,121.390172,20110927222726 ,25,20272.3,22272.6
22,31.094198,121.390172,20110927222726 ,31.09576,121.385726,20110927225735 ,25,22272.6,22573.5
22,31.09576,121.385726,20110927225735 ,31.094595,121.385009,20110927230926 ,25,22573.5,23092.6
23,31.223771,121.491303,20110927002350 ,31.223771,121.491303,20110927022339 ,15,235,2233.9
23,31.223771,121.491303,20110927022339 ,31.221908,121.490928,20110927042328 ,15,2233.9,4232.8
23,31.221908,121.490928,20110927042328 ,31.221908,121.490928,20110927062317 ,15,4232.8,6231.7
23,31.221908,121.490928,20110927062317 ,31.221908,121.490928,20110927082303 ,15,6231.7,8230.3
23,31.221908,121.490928,20110927082303 ,31.223771,121.491303,20110927102253 ,15,8230.3,10225.3
23,31.223771,121.491303,20110927102253 ,31.223704,121.484608,20110927111346 ,15,10225.3,11134.6
23,31.223704,121.484608,20110927111346 ,31.220651,121.478485,20110927111649 ,15,11134.6,11164.9
23,31.220651,121.478485,20110927111649 ,31.309403,121.527025,20110927120554 ,15,11164.9,12055.4
23,31.309403,121.527025,20110927120554 ,31.307617,121.527531,20110927145647 ,15,12055.4,14564.7
23,31.307617,121.527531,20110927145647 ,31.221868,121.478502,20110927154436 ,15,14564.7,15443.6
23,31.221868,121.478502,20110927154436 ,31.223887,121.492214,20110927174425 ,15,15443.6,17442.5
23,31.223887,121.492214,20110927174425 ,31.223771,121.491303,20110927194413 ,15,17442.5,19441.3
23,31.223771,121.491303,20110927194413 ,31.221928,121.49376,20110927214402 ,15,19441.3,21440.2
23,31.221928,121.49376,20110927214402 ,31.221908,121.490928,20110927234350 ,15,21440.2,23435
24,31.18084,121.494027,20110927032555 ,31.18084,121.494027,20110927072529 ,10,3255.5,7252.9
24,31.18084,121.494027,20110927072529 ,31.181657,121.490305,20110927081041 ,10,7252.9,8104.1
24,31.181657,121.490305,20110927081041 ,31.232016,121.467804,20110927083017 ,10,8104.1,8301.7
24,31.232016,121.467804,20110927083017 ,31.236118,121.46984,20110927083205 ,10,8301.7,8320.5
24,31.236118,121.46984,20110927083205 ,31.234898,121.466928,20110927083227 ,10,8320.5,8322.7
24,31.234898,121.466928,20110927083227 ,31.231059,121.455544,20110927211540 ,10,8322.7,21154
24,31.231059,121.455544,20110927211540 ,31.232016,121.467804,20110927212708 ,10,21154,21270.8
24,31.232016,121.467804,20110927212708 ,31.235175,121.469689,20110927212810 ,10,21270.8,21281
24,31.235175,121.469689,20110927212810 ,31.18099,121.489741,20110927214943 ,10,21281,21494.3
25,31.304885,121.521168,20110927063316 ,31.305856,121.52582,20110927063706 ,30,6331.6,6370.6
25,31.305856,121.52582,20110927063706 ,31.305856,121.52582,20110927063838 ,30,6370.6,6383.8
25,31.305856,121.52582,20110927063838 ,31.31138,121.519591,20110927073847 ,30,6383.8,7384.7
25,31.31138,121.519591,20110927073847 ,31.305856,121.52582,20110927075508 ,30,7384.7,7550.8
25,31.305856,121.52582,20110927075508 ,31.305856,121.52582,20110927075644 ,30,7550.8,7564.4
25,31.305856,121.52582,20110927075644 ,31.305856,121.52582,20110927075937 ,30,7564.4,7593.7
25,31.305856,121.52582,20110927075937 ,31.305856,121.52582,20110927080017 ,30,7593.7,8001.7
25,31.305856,121.52582,20110927080017 ,31.307952,121.507637,20110927083729 ,30,8001.7,8372.9
25,31.307952,121.507637,20110927083729 ,31.307952,121.507637,20110927083859 ,30,8372.9,8385.9
25,31.307952,121.507637,20110927083859 ,31.304864,121.519888,20110927102421 ,30,8385.9,10242.1
25,31.304864,121.519888,20110927102421 ,31.304864,121.519888,20110927125121 ,30,10242.1,12512.1
25,31.304864,121.519888,20110927125121 ,31.304885,121.521168,20110927125146 ,30,12512.1,12514.6
25,31.304885,121.521168,20110927125146 ,31.304885,121.521168,20110927125149 ,30,12514.6,12514.9
25,31.304885,121.521168,20110927125149 ,31.304885,121.521168,20110927125300 ,30,12514.9,12530
25,31.304885,121.521168,20110927125300 ,31.30027,121.527334,20110927125306 ,30,12530,12530.6
25,31.30027,121.527334,20110927125306 ,31.304885,121.521168,20110927125322 ,30,12530.6,12532.2
25,31.304885,121.521168,20110927125322 ,31.307952,121.507637,20110927130057 ,30,12532.2,13005.7
25,31.307952,121.507637,20110927130057 ,31.30027,121.527334,20110927130208 ,30,13005.7,13020.8
25,31.30027,121.527334,20110927130208 ,31.30027,121.527334,20110927130218 ,30,13020.8,13021.8
25,31.30027,121.527334,20110927130218 ,31.304885,121.521168,20110927130230 ,30,13021.8,13023
25,31.304885,121.521168,20110927130230 ,31.305647,121.527501,20110927130232 ,30,13023,13023.2
25,31.305647,121.527501,20110927130232 ,31.297585,121.534639,20110927132920 ,30,13023.2,13292
25,31.297585,121.534639,20110927132920 ,31.304864,121.519888,20110927132939 ,30,13292,13293.9
25,31.304864,121.519888,20110927132939 ,31.297949,121.532734,20110927133036 ,30,13293.9,13303.6
25,31.297949,121.532734,20110927133036 ,31.304864,121.519888,20110927133104 ,30,13303.6,13310.4
25,31.304864,121.519888,20110927133104 ,31.310191,121.496369,20110927151024 ,30,13310.4,15102.4
25,31.310191,121.496369,20110927151024 ,31.304885,121.521168,20110927151822 ,30,15102.4,15182.2
25,31.304885,121.521168,20110927151822 ,31.297846,121.528603,20110927204107 ,30,15182.2,20410.7
25,31.297846,121.528603,20110927204107 ,31.297137,121.527198,20110927204126 ,30,20410.7,20412.6
26,31.366727,121.347232,20110927011240 ,31.366727,121.347232,20110927031242 ,20,1124,3124.2
26,31.366727,121.347232,20110927031242 ,31.366727,121.347232,20110927051244 ,20,3124.2,5124.4
26,31.366727,121.347232,20110927051244 ,31.366727,121.347232,20110927071246 ,20,5124.4,7124.6
26,31.366727,121.347232,20110927071246 ,31.365519,121.35155,20110927072724 ,20,7124.6,7272.4
26,31.365519,121.35155,20110927072724 ,31.214103,121.446228,20110927081630 ,20,7272.4,8163
26,31.214103,121.446228,20110927081630 ,31.193771,121.433589,20110927083802 ,20,8163,8380.2
26,31.193771,121.433589,20110927083802 ,31.195954,121.433943,20110927092714 ,20,8380.2,9271.4
26,31.195954,121.433943,20110927092714 ,31.195954,121.433943,20110927092718 ,20,9271.4,9271.8
26,31.195954,121.433943,20110927092718 ,31.195954,121.433943,20110927092848 ,20,9271.8,9284.8
26,31.195954,121.433943,20110927092848 ,31.195954,121.433943,20110927092850 ,20,9284.8,9285
26,31.195954,121.433943,20110927092850 ,31.19585,121.433502,20110927121048 ,20,9285,12104.8
26,31.19585,121.433502,20110927121048 ,31.196085,121.434675,20110927121414 ,20,12104.8,12141.4
26,31.196085,121.434675,20110927121414 ,31.195234,121.433949,20110927182528 ,20,12141.4,18252.8
26,31.195234,121.433949,20110927182528 ,31.216217,121.444674,20110927183431 ,20,18252.8,18343.1
26,31.216217,121.444674,20110927183431 ,31.394182,121.350364,20110927192010 ,20,18343.1,19201
26,31.394182,121.350364,20110927192010 ,31.365519,121.35155,20110927192200 ,20,19201,19220
26,31.365519,121.35155,20110927192200 ,31.366727,121.347232,20110927192325 ,20,19220,19232.5
26,31.366727,121.347232,20110927192325 ,31.365634,121.347898,20110927212326 ,20,19232.5,21232.6
26,31.365634,121.347898,20110927212326 ,31.365634,121.347898,20110927232331 ,20,21232.6,23233.1
27,31.174133,121.418568,20110927072740 ,31.176756,121.412387,20110927073754 ,20,7274,7375.4
27,31.176756,121.412387,20110927073754 ,31.231395,121.510978,20110927080924 ,20,7375.4,8092.4
27,31.231395,121.510978,20110927080924 ,31.240211,121.508267,20110927082026 ,20,8092.4,8202.6
27,31.240211,121.508267,20110927082026 ,31.237263,121.505496,20110927170633 ,20,8202.6,17063.3
27,31.237263,121.505496,20110927170633 ,31.240894,121.509835,20110927170755 ,20,17063.3,17075.5
27,31.240894,121.509835,20110927170755 ,31.237263,121.505496,20110927170926 ,20,17075.5,17092.6
27,31.237263,121.505496,20110927170926 ,31.231395,121.510978,20110927172718 ,20,17092.6,17271.8
27,31.231395,121.510978,20110927172718 ,31.179056,121.410728,20110927175511 ,20,17271.8,17551.1
27,31.179056,121.410728,20110927175511 ,31.174133,121.418568,20110927190507 ,20,17551.1,19050.7
27,31.174133,121.418568,20110927190507 ,31.174133,121.418568,20110927195814 ,20,19050.7,19581.4
27,31.174133,121.418568,20110927195814 ,31.174133,121.418568,20110927215915 ,20,19581.4,21591.5
28,31.325005,121.528007,20110927072100 ,31.232016,121.467804,20110927080020 ,30,7210,8002
28,31.232016,121.467804,20110927080020 ,31.236118,121.46984,20110927080155 ,30,8002,8015.5
28,31.236118,121.46984,20110927080155 ,31.234898,121.466928,20110927080427 ,30,8015.5,8042.7
28,31.234898,121.466928,20110927080427 ,31.218102,121.352344,20110927083152 ,30,8042.7,8315.2
28,31.218102,121.352344,20110927083152 ,31.219958,121.3534,20110927093200 ,30,8315.2,9320
28,31.219958,121.3534,20110927093200 ,31.219958,121.3534,20110927103203 ,30,9320,10320.3
28,31.219958,121.3534,20110927103203 ,31.219958,121.3534,20110927111542 ,30,10320.3,11154.2
28,31.219958,121.3534,20110927111542 ,31.220306,121.349507,20110927111833 ,30,11154.2,11183.3
28,31.220306,121.349507,20110927111833 ,31.220779,121.350067,20110927121835 ,30,11183.3,12183.5
28,31.220779,121.350067,20110927121835 ,31.220779,121.350067,20110927152502 ,30,12183.5,15250.2
28,31.220779,121.350067,20110927152502 ,31.220306,121.349507,20110927162505 ,30,15250.2,16250.5
28,31.220306,121.349507,20110927162505 ,31.220489,121.353588,20110927174724 ,30,16250.5,17472.4
28,31.220489,121.353588,20110927174724 ,31.223031,121.4274,20110927180636 ,30,17472.4,18063.6
28,31.223031,121.4274,20110927180636 ,31.223031,121.4274,20110927180638 ,30,18063.6,18063.8
28,31.223031,121.4274,20110927180638 ,31.231059,121.455544,20110927182829 ,30,18063.8,18282.9
28,31.231059,121.455544,20110927182829 ,31.231059,121.455544,20110927182831 ,30,18282.9,18283.1
28,31.231059,121.455544,20110927182831 ,31.23046,121.451018,20110927195504 ,30,18283.1,19550.4
28,31.23046,121.451018,20110927195504 ,31.231005,121.453594,20110927200727 ,30,19550.4,20072.7
28,31.231005,121.453594,20110927200727 ,31.231059,121.455544,20110927203318 ,30,20072.7,20331.8
28,31.231059,121.455544,20110927203318 ,31.232016,121.467804,20110927204018 ,30,20331.8,20401.8
28,31.232016,121.467804,20110927204018 ,31.235175,121.469689,20110927204041 ,30,20401.8,20404.1
28,31.235175,121.469689,20110927204041 ,31.313852,121.527625,20110927211312 ,30,20404.1,21131.2
28,31.313852,121.527625,20110927211312 ,31.321094,121.534979,20110927222729 ,30,21131.2,22272.9
28,31.321094,121.534979,20110927222729 ,31.321094,121.534979,20110927222732 ,30,22272.9,22273.2
28,31.321094,121.534979,20110927222732 ,31.321094,121.534979,20110927225124 ,30,22273.2,22512.4
28,31.321094,121.534979,20110927225124 ,31.321094,121.534979,20110927225126 ,30,22512.4,22512.6
28,31.321094,121.534979,20110927225126 ,31.321094,121.534979,20110927225724 ,30,22512.6,22572.4
28,31.321094,121.534979,20110927225724 ,31.321094,121.534979,20110927225727 ,30,22572.4,22572.7
29,31.18855,121.6944,20110927094813 ,31.203023,121.564921,20110927102310 ,25,9481.3,10231
29,31.203023,121.564921,20110927102310 ,31.215959,121.543945,20110927102822 ,25,10231,10282.2
29,31.215959,121.543945,20110927102822 ,31.215959,121.543945,20110927102932 ,25,10282.2,10293.2
29,31.215959,121.543945,20110927102932 ,31.222173,121.534807,20110927103123 ,25,10293.2,10312.3
29,31.222173,121.534807,20110927103123 ,31.236485,121.505256,20110927103604 ,25,10312.3,10360.4
29,31.236485,121.505256,20110927103604 ,31.227645,121.466422,20110927105514 ,25,10360.4,10551.4
29,31.227645,121.466422,20110927105514 ,31.227645,121.466422,20110927105737 ,25,10551.4,10573.7
29,31.227645,121.466422,20110927105737 ,31.187595,121.435999,20110927110019 ,25,10573.7,11001.9
29,31.187595,121.435999,20110927110019 ,31.187595,121.435999,20110927110246 ,25,11001.9,11024.6
29,31.187595,121.435999,20110927110246 ,31.202729,121.446989,20110927110453 ,25,11024.6,11045.3
29,31.202729,121.446989,20110927110453 ,31.198115,121.438468,20110927110542 ,25,11045.3,11054.2
29,31.198115,121.438468,20110927110542 ,31.190867,121.433333,20110927120419 ,25,11054.2,12041.9
29,31.190867,121.433333,20110927120419 ,31.187595,121.435999,20110927120846 ,25,12041.9,12084.6
29,31.187595,121.435999,20110927120846 ,31.221418,121.459783,20110927121117 ,25,12084.6,12111.7
29,31.221418,121.459783,20110927121117 ,31.221418,121.459783,20110927121329 ,25,12111.7,12132.9
29,31.221418,121.459783,20110927121329 ,31.235175,121.469689,20110927121447 ,25,12132.9,12144.7
29,31.235175,121.469689,20110927121447 ,31.232016,121.467804,20110927121456 ,25,12144.7,12145.6
29,31.232016,121.467804,20110927121456 ,31.203023,121.564921,20110927124002 ,25,12145.6,12400.2
29,31.203023,121.564921,20110927124002 ,31.206153,121.588323,20110927124439 ,25,12400.2,12443.9
31,31.409684,121.336893,20110927015424 ,31.409684,121.336893,20110927035425 ,30,1542.4,3542.5
31,31.409684,121.336893,20110927035425 ,31.409684,121.336893,20110927055426 ,30,3542.5,5542.6
31,31.409684,121.336893,20110927055426 ,31.409684,121.336893,20110927075428 ,30,5542.6,7542.8
31,31.409684,121.336893,20110927075428 ,31.395295,121.348949,20110927083127 ,30,7542.8,8312.7
31,31.395295,121.348949,20110927083127 ,31.394182,121.350364,20110927083147 ,30,8312.7,8314.7
31,31.394182,121.350364,20110927083147 ,31.395295,121.348949,20110927083204 ,30,8314.7,8320.4
31,31.395295,121.348949,20110927083204 ,31.22492,121.441936,20110927091638 ,30,8320.4,9163.8
31,31.22492,121.441936,20110927091638 ,31.239471,121.480444,20110927092743 ,30,9163.8,9274.3
31,31.239471,121.480444,20110927092743 ,31.241768,121.479702,20110927093056 ,30,9274.3,9305.6
31,31.241768,121.479702,20110927093056 ,31.246252,121.482649,20110927094048 ,30,9305.6,9404.8
31,31.246252,121.482649,20110927094048 ,31.248597,121.483801,20110927125415 ,30,9404.8,12541.5
31,31.248597,121.483801,20110927125415 ,31.247253,121.485687,20110927125420 ,30,12541.5,12542
31,31.247253,121.485687,20110927125420 ,31.248597,121.483801,20110927125426 ,30,12542,12542.6
31,31.248597,121.483801,20110927125426 ,31.247253,121.485687,20110927125432 ,30,12542.6,12543.2
31,31.247253,121.485687,20110927125432 ,31.248597,121.483801,20110927125437 ,30,12543.2,12543.7
31,31.248597,121.483801,20110927125437 ,31.247253,121.485687,20110927125442 ,30,12543.7,12544.2
31,31.247253,121.485687,20110927125442 ,31.248597,121.483801,20110927125448 ,30,12544.2,12544.8
31,31.248597,121.483801,20110927125448 ,31.248597,121.483801,20110927125450 ,30,12544.8,12545
31,31.248597,121.483801,20110927125450 ,31.243922,121.483272,20110927163742 ,30,12545,16374.2
31,31.243922,121.483272,20110927163742 ,31.229664,121.483203,20110927185211 ,30,16374.2,18521.1
31,31.229664,121.483203,20110927185211 ,31.220235,121.474629,20110927190446 ,30,18521.1,19044.6
31,31.220235,121.474629,20110927190446 ,31.21473,121.453983,20110927191328 ,30,19044.6,19132.8
31,31.21473,121.453983,20110927191328 ,31.212082,121.4524,20110927201706 ,30,19132.8,20170.6
31,31.212082,121.4524,20110927201706 ,31.215332,121.449768,20110927201711 ,30,20170.6,20171.1
31,31.215332,121.449768,20110927201711 ,31.214498,121.452388,20110927201716 ,30,20171.1,20171.6
31,31.214498,121.452388,20110927201716 ,31.214498,121.452388,20110927201750 ,30,20171.6,20175
31,31.214498,121.452388,20110927201750 ,31.214103,121.446228,20110927214511 ,30,20175,21451.1
31,31.214103,121.446228,20110927214511 ,31.216217,121.444674,20110927214750 ,30,21451.1,21475
31,31.216217,121.444674,20110927214750 ,31.394182,121.350364,20110927223314 ,30,21475,22331.4
32,31.290442,121.537541,20110927023340 ,31.289933,121.530465,20110927104032 ,30,2334,10403.2
32,31.289933,121.530465,20110927104032 ,31.29102,121.527711,20110927104050 ,30,10403.2,10405
32,31.29102,121.527711,20110927104050 ,31.290442,121.537541,20110927120353 ,30,10405,12035.3
32,31.290442,121.537541,20110927120353 ,31.287325,121.53462,20110927120404 ,30,12035.3,12040.4
32,31.287325,121.53462,20110927120404 ,31.287325,121.53462,20110927120415 ,30,12040.4,12041.5
32,31.287325,121.53462,20110927120415 ,31.290442,121.537541,20110927120423 ,30,12041.5,12042.3
32,31.290442,121.537541,20110927120423 ,31.287325,121.53462,20110927120430 ,30,12042.3,12043
32,31.287325,121.53462,20110927120430 ,31.290442,121.537541,20110927120436 ,30,12043,12043.6
32,31.290442,121.537541,20110927120436 ,31.287204,121.534981,20110927120523 ,30,12043.6,12052.3
32,31.287204,121.534981,20110927120523 ,31.290442,121.537541,20110927121140 ,30,12052.3,12114
32,31.290442,121.537541,20110927121140 ,31.290442,121.537541,20110927121240 ,30,12114,12124
32,31.290442,121.537541,20110927121240 ,31.290442,121.537541,20110927121245 ,30,12124,12124.5
32,31.290442,121.537541,20110927121245 ,31.290442,121.537541,20110927125022 ,30,12124.5,12502.2
32,31.290442,121.537541,20110927125022 ,31.290442,121.537541,20110927125239 ,30,12502.2,12523.9
32,31.290442,121.537541,20110927125239 ,31.288335,121.532124,20110927125259 ,30,12523.9,12525.9
32,31.288335,121.532124,20110927125259 ,31.287517,121.53759,20110927154623 ,30,12525.9,15462.3
32,31.287517,121.53759,20110927154623 ,31.287517,121.53759,20110927154626 ,30,15462.3,15462.6
32,31.287517,121.53759,20110927154626 ,31.290442,121.537541,20110927154918 ,30,15462.6,15491.8
32,31.290442,121.537541,20110927154918 ,31.290442,121.537541,20110927154922 ,30,15491.8,15492.2
32,31.290442,121.537541,20110927154922 ,31.290442,121.537541,20110927163101 ,30,15492.2,16310.1
32,31.290442,121.537541,20110927163101 ,31.290442,121.537541,20110927163105 ,30,16310.1,16310.5
32,31.290442,121.537541,20110927163105 ,31.290442,121.537541,20110927173722 ,30,16310.5,17372.2
32,31.290442,121.537541,20110927173722 ,31.292139,121.53474,20110927175237 ,30,17372.2,17523.7
32,31.292139,121.53474,20110927175237 ,31.290442,121.537541,20110927185119 ,30,17523.7,18511.9
32,31.290442,121.537541,20110927185119 ,31.287517,121.53759,20110927185150 ,30,18511.9,18515
32,31.287517,121.53759,20110927185150 ,31.287517,121.53759,20110927192323 ,30,18515,19232.3
32,31.287517,121.53759,20110927192323 ,31.290442,121.537541,20110927200118 ,30,19232.3,20011.8
33,31.131466,121.242153,20110927003254 ,31.131466,121.242153,20110927013350 ,15,325.4,1335
33,31.131466,121.242153,20110927013350 ,31.131466,121.242153,20110927023446 ,15,1335,2344.6
33,31.131466,121.242153,20110927023446 ,31.131466,121.242153,20110927033542 ,15,2344.6,3354.2
33,31.131466,121.242153,20110927033542 ,31.131466,121.242153,20110927043637 ,15,3354.2,4363.7
33,31.131466,121.242153,20110927043637 ,31.131466,121.242153,20110927053734 ,15,4363.7,5373.4
33,31.131466,121.242153,20110927053734 ,31.131466,121.242153,20110927060918 ,15,5373.4,6091.8
33,31.131466,121.242153,20110927060918 ,31.119534,121.25543,20110927061526 ,15,6091.8,6152.6
33,31.119534,121.25543,20110927061526 ,31.122078,121.268434,20110927061807 ,15,6152.6,6180.7
33,31.122078,121.268434,20110927061807 ,31.131466,121.242153,20110927193313 ,15,6180.7,19331.3
33,31.131466,121.242153,20110927193313 ,31.131466,121.242153,20110927203317 ,15,19331.3,20331.7
33,31.131466,121.242153,20110927203317 ,31.131466,121.242153,20110927211738 ,15,20331.7,21173.8
33,31.131466,121.242153,20110927211738 ,31.131466,121.242153,20110927220228 ,15,21173.8,22022.8
33,31.131466,121.242153,20110927220228 ,31.131466,121.242153,20110927230309 ,15,22022.8,23030.9
34,31.100536,121.233133,20110927003905 ,31.100536,121.233133,20110927013908 ,30,390.5,1390.8
34,31.100536,121.233133,20110927013908 ,31.100536,121.233133,20110927023911 ,30,1390.8,2391.1
34,31.100536,121.233133,20110927023911 ,31.100536,121.233133,20110927033914 ,30,2391.1,3391.4
34,31.100536,121.233133,20110927033914 ,31.100536,121.233133,20110927043917 ,30,3391.4,4391.7
34,31.100536,121.233133,20110927043917 ,31.100536,121.233133,20110927053920 ,30,4391.7,5392
34,31.100536,121.233133,20110927053920 ,31.108356,121.22436,20110927063923 ,30,5392,6392.3
34,31.108356,121.22436,20110927063923 ,31.119328,121.2522,20110927073036 ,30,6392.3,7303.6
34,31.119328,121.2522,20110927073036 ,31.119534,121.25543,20110927073154 ,30,7303.6,7315.4
34,31.119534,121.25543,20110927073154 ,31.122078,121.268434,20110927073326 ,30,7315.4,7332.6
34,31.122078,121.268434,20110927073326 ,31.132799,121.295129,20110927073732 ,30,7332.6,7373.2
34,31.132799,121.295129,20110927073732 ,31.220908,121.524791,20110927082756 ,30,7373.2,8275.6
34,31.220908,121.524791,20110927082756 ,31.218709,121.529258,20110927083050 ,30,8275.6,8305
34,31.218709,121.529258,20110927083050 ,31.223179,121.525355,20110927083121 ,30,8305,8312.1
34,31.223179,121.525355,20110927083121 ,31.179056,121.410728,20110927205753 ,30,8312.1,20575.3
34,31.179056,121.410728,20110927205753 ,31.138926,121.312787,20110927211556 ,30,20575.3,21155.6
34,31.138926,121.312787,20110927211556 ,31.120169,121.259407,20110927212011 ,30,21155.6,21201.1
34,31.120169,121.259407,20110927212011 ,31.119328,121.2522,20110927212203 ,30,21201.1,21220.3
34,31.119328,121.2522,20110927212203 ,31.119244,121.241362,20110927212243 ,30,21220.3,21224.3
34,31.119244,121.241362,20110927212243 ,31.108356,121.22436,20110927212535 ,30,21224.3,21253.5
34,31.108356,121.22436,20110927212535 ,31.103306,121.214173,20110927212535 ,30,21253.5,21253.5
34,31.103306,121.214173,20110927212535 ,31.100536,121.233133,20110927222740 ,30,21253.5,22274
34,31.100536,121.233133,20110927222740 ,31.109519,121.23092,20110927223114 ,30,22274,22311.4
34,31.109519,121.23092,20110927223114 ,31.109519,121.23092,20110927223116 ,30,22311.4,22311.6
34,31.109519,121.23092,20110927223116 ,31.109519,121.23092,20110927223332 ,30,22311.6,22333.2
34,31.109519,121.23092,20110927223332 ,31.109519,121.23092,20110927223334 ,30,22333.2,22333.4
35,31.169971,121.42849,20110927083926 ,31.217783,121.454121,20110927085802 ,15,8392.6,8580.2
35,31.217783,121.454121,20110927085802 ,31.217783,121.454121,20110927105831 ,15,8580.2,10583.1
35,31.217783,121.454121,20110927105831 ,31.217783,121.454121,20110927114756 ,15,10583.1,11475.6
35,31.217783,121.454121,20110927114756 ,31.217783,121.454121,20110927114758 ,15,11475.6,11475.8
35,31.217783,121.454121,20110927114758 ,31.217668,121.451945,20110927182409 ,15,11475.8,18240.9
35,31.217668,121.451945,20110927182409 ,31.217783,121.454121,20110927182549 ,15,18240.9,18254.9
35,31.217783,121.454121,20110927182549 ,31.221955,121.460406,20110927185307 ,15,18254.9,18530.7
35,31.221955,121.460406,20110927185307 ,31.174917,121.427129,20110927230701 ,15,18530.7,23070.1
36,31.134213,121.360516,20110927100838 ,31.153151,121.346665,20110927101715 ,30,10083.8,10171.5
36,31.153151,121.346665,20110927101715 ,31.165569,121.321258,20110927102315 ,30,10171.5,10231.5
36,31.165569,121.321258,20110927102315 ,31.29676,121.233275,20110927220329 ,30,10231.5,22032.9
36,31.29676,121.233275,20110927220329 ,31.278146,121.271531,20110927220508 ,30,22032.9,22050.8
36,31.278146,121.271531,20110927220508 ,31.226343,121.316597,20110927220715 ,30,22050.8,22071.5
36,31.226343,121.316597,20110927220715 ,31.175983,121.328449,20110927221812 ,30,22071.5,22181.2
36,31.175983,121.328449,20110927221812 ,31.166679,121.337956,20110927222209 ,30,22181.2,22220.9
36,31.166679,121.337956,20110927222209 ,31.157275,121.345054,20110927222418 ,30,22220.9,22241.8
36,31.157275,121.345054,20110927222418 ,31.157235,121.34361,20110927222624 ,30,22241.8,22262.4
36,31.157235,121.34361,20110927222624 ,31.152022,121.350102,20110927222737 ,30,22262.4,22273.7
37,31.302813,121.407106,20110927000001 ,31.302349,121.39827,20110927000224 ,25,0.1,22.4
37,31.302349,121.39827,20110927000224 ,31.309527,121.403592,20110927001054 ,25,22.4,105.4
37,31.309527,121.403592,20110927001054 ,31.309527,121.403592,20110927021050 ,25,105.4,2105
37,31.309527,121.403592,20110927021050 ,31.309527,121.403592,20110927041049 ,25,2105,4104.9
37,31.309527,121.403592,20110927041049 ,31.309527,121.403592,20110927061045 ,25,4104.9,6104.5
37,31.309527,121.403592,20110927061045 ,31.302349,121.39827,20110927073223 ,25,6104.5,7322.3
37,31.302349,121.39827,20110927073223 ,31.305419,121.409729,20110927074506 ,25,7322.3,7450.6
37,31.305419,121.409729,20110927074506 ,31.22492,121.441936,20110927081635 ,25,7450.6,8163.5
37,31.22492,121.441936,20110927081635 ,31.209925,121.547907,20110927084548 ,25,8163.5,8454.8
37,31.209925,121.547907,20110927084548 ,31.209925,121.547907,20110927084908 ,25,8454.8,8490.8
37,31.209925,121.547907,20110927084908 ,31.211343,121.549553,20110927084920 ,25,8490.8,8492
37,31.211343,121.549553,20110927084920 ,31.209925,121.547907,20110927084928 ,25,8492,8492.8
37,31.209925,121.547907,20110927084928 ,31.211343,121.549553,20110927084937 ,25,8492.8,8493.7
37,31.211343,121.549553,20110927084937 ,31.209925,121.547907,20110927085011 ,25,8493.7,8501.1
37,31.209925,121.547907,20110927085011 ,31.208552,121.552757,20110927085015 ,25,8501.1,8501.5
37,31.208552,121.552757,20110927085015 ,31.209925,121.547907,20110927085032 ,25,8501.5,8503.2
37,31.209925,121.547907,20110927085032 ,31.20837,121.562932,20110927085136 ,25,8503.2,8513.6
37,31.20837,121.562932,20110927085136 ,31.207279,121.559372,20110927130718 ,25,8513.6,13071.8
37,31.207279,121.559372,20110927130718 ,31.309521,121.397819,20110927193421 ,25,13071.8,19342.1
37,31.309521,121.397819,20110927193421 ,31.309521,121.397819,20110927231844 ,25,19342.1,23184.4
37,31.309521,121.397819,20110927231844 ,31.309521,121.397819,20110927235458 ,25,23184.4,23545.8
38,31.222341,121.410794,20110927025826 ,31.222012,121.410696,20110927070915 ,25,2582.6,7091.5
38,31.222012,121.410696,20110927070915 ,31.199534,121.414025,20110927072444 ,25,7091.5,7244.4
38,31.199534,121.414025,20110927072444 ,31.190747,121.34138,20110927074303 ,25,7244.4,7430.3
38,31.190747,121.34138,20110927074303 ,31.19409,121.343936,20110927094236 ,25,7430.3,9423.6
38,31.19409,121.343936,20110927094236 ,31.19409,121.343936,20110927114210 ,25,9423.6,11421
38,31.19409,121.343936,20110927114210 ,31.19409,121.343936,20110927134146 ,25,11421,13414.6
38,31.19409,121.343936,20110927134146 ,31.190747,121.34138,20110927134447 ,25,13414.6,13444.7
38,31.190747,121.34138,20110927134447 ,31.19409,121.343936,20110927134451 ,25,13444.7,13445.1
38,31.19409,121.343936,20110927134451 ,31.19409,121.343936,20110927134536 ,25,13445.1,13453.6
38,31.19409,121.343936,20110927134536 ,31.190747,121.34138,20110927134603 ,25,13453.6,13460.3
38,31.190747,121.34138,20110927134603 ,31.19409,121.343936,20110927150416 ,25,13460.3,15041.6
38,31.19409,121.343936,20110927150416 ,31.192587,121.35188,20110927164355 ,25,15041.6,16435.5
38,31.192587,121.35188,20110927164355 ,31.192639,121.351882,20110927164403 ,25,16435.5,16440.3
38,31.192639,121.351882,20110927164403 ,31.192587,121.35188,20110927164414 ,25,16440.3,16441.4
38,31.192587,121.35188,20110927164414 ,31.192639,121.351882,20110927164423 ,25,16441.4,16442.3
38,31.192639,121.351882,20110927164423 ,31.192639,121.351882,20110927164507 ,25,16442.3,16450.7
38,31.192639,121.351882,20110927164507 ,31.219511,121.410928,20110927173355 ,25,16450.7,17335.5
39,31.234685,121.426417,20110927000036 ,31.234685,121.426417,20110927063020 ,25,3.6,6302
39,31.234685,121.426417,20110927063020 ,31.234685,121.426417,20110927063023 ,25,6302,6302.3
39,31.234685,121.426417,20110927063023 ,31.234685,121.426417,20110927063026 ,25,6302.3,6302.6
39,31.234685,121.426417,20110927063026 ,31.234685,121.426417,20110927063028 ,25,6302.6,6302.8
39,31.234685,121.426417,20110927063028 ,31.234685,121.426417,20110927063031 ,25,6302.8,6303.1
39,31.234685,121.426417,20110927063031 ,31.234241,121.429544,20110927065537 ,25,6303.1,6553.7
39,31.234241,121.429544,20110927065537 ,31.234685,121.426417,20110927070141 ,25,6553.7,7014.1
39,31.234685,121.426417,20110927070141 ,31.240571,121.431157,20110927070617 ,25,7014.1,7061.7
39,31.240571,121.431157,20110927070617 ,31.241343,121.434574,20110927071221 ,25,7061.7,7122.1
39,31.241343,121.434574,20110927071221 ,31.22492,121.441936,20110927072308 ,25,7122.1,7230.8
39,31.22492,121.441936,20110927072308 ,31.209925,121.547907,20110927074812 ,25,7230.8,7481.2
39,31.209925,121.547907,20110927074812 ,31.211343,121.549553,20110927074830 ,25,7481.2,7483
39,31.211343,121.549553,20110927074830 ,31.209868,121.545687,20110927075345 ,25,7483,7534.5
39,31.209868,121.545687,20110927075345 ,31.211343,121.549553,20110927075456 ,25,7534.5,7545.6
39,31.211343,121.549553,20110927075456 ,31.240707,121.588529,20110927080543 ,25,7545.6,8054.3
39,31.240707,121.588529,20110927080543 ,31.214513,121.581249,20110927175838 ,25,8054.3,17583.8
39,31.214513,121.581249,20110927175838 ,31.204762,121.554234,20110927180753 ,25,17583.8,18075.3
39,31.204762,121.554234,20110927180753 ,31.242369,121.433326,20110927185115 ,25,18075.3,18511.5
39,31.242369,121.433326,20110927185115 ,31.237837,121.427172,20110927185910 ,25,18511.5,18591
39,31.237837,121.427172,20110927185910 ,31.234241,121.429544,20110927190424 ,25,18591,19042.4
39,31.234241,121.429544,20110927190424 ,31.234241,121.429544,20110927212925 ,25,19042.4,21292.5
39,31.234241,121.429544,20110927212925 ,31.234241,121.429544,20110927212927 ,25,21292.5,21292.7
39,31.234241,121.429544,20110927212927 ,31.234241,121.429544,20110927220009 ,25,21292.7,22000.9
39,31.234241,121.429544,20110927220009 ,31.234241,121.429544,20110927220011 ,25,22000.9,22001.1
40,31.115425,121.379843,20110927010815 ,31.115425,121.379843,20110927030817 ,30,1081.5,3081.7
40,31.115425,121.379843,20110927030817 ,31.115425,121.379843,20110927050818 ,30,3081.7,5081.8
40,31.115425,121.379843,20110927050818 ,31.11193,121.382248,20110927070529 ,30,5081.8,7052.9
40,31.11193,121.382248,20110927070529 ,31.115425,121.379843,20110927070841 ,30,7052.9,7084.1
40,31.115425,121.379843,20110927070841 ,31.137404,121.40159,20110927072142 ,30,7084.1,7214.2
40,31.137404,121.40159,20110927072142 ,31.176756,121.412387,20110927080438 ,30,7214.2,8043.8
40,31.176756,121.412387,20110927080438 ,31.231395,121.510978,20110927083139 ,30,8043.8,8313.9
40,31.231395,121.510978,20110927083139 ,31.238513,121.503647,20110927084602 ,30,8313.9,8460.2
40,31.238513,121.503647,20110927084602 ,31.236584,121.502821,20110927180136 ,30,8460.2,18013.6
40,31.236584,121.502821,20110927180136 ,31.240166,121.497734,20110927184908 ,30,18013.6,18490.8
40,31.240166,121.497734,20110927184908 ,31.232016,121.467804,20110927190034 ,30,18490.8,19003.4
40,31.232016,121.467804,20110927190034 ,31.144456,121.409875,20110927192111 ,30,19003.4,19211.1
40,31.144456,121.409875,20110927192111 ,31.145268,121.409491,20110927192534 ,30,19211.1,19253.4
40,31.145268,121.409491,20110927192534 ,31.1366,121.401256,20110927192802 ,30,19253.4,19280.2
40,31.1366,121.401256,20110927192802 ,31.10851,121.385719,20110927193250 ,30,19280.2,19325
40,31.10851,121.385719,20110927193250 ,31.116039,121.386094,20110927193312 ,30,19325,19331.2
40,31.116039,121.386094,20110927193312 ,31.11193,121.382248,20110927193449 ,30,19331.2,19344.9
40,31.11193,121.382248,20110927193449 ,31.115425,121.379843,20110927194318 ,30,19344.9,19431.8
40,31.115425,121.379843,20110927194318 ,31.11193,121.382248,20110927194403 ,30,19431.8,19440.3
40,31.11193,121.382248,20110927194403 ,31.115425,121.379843,20110927200335 ,30,19440.3,20033.5
40,31.115425,121.379843,20110927200335 ,31.11193,121.382248,20110927202454 ,30,20033.5,20245.4
40,31.11193,121.382248,20110927202454 ,31.115425,121.379843,20110927203102 ,30,20245.4,20310.2
40,31.115425,121.379843,20110927203102 ,31.115425,121.379843,20110927223103 ,30,20310.2,22310.3
40,31.115425,121.379843,20110927223103 ,31.11193,121.382248,20110927234455 ,30,22310.3,23445.5
